{
  "username": "LekhanaRM",
  "ranking": 466563,
  "reputation": 0,
  "starRating": 2.0,
  "solved": {
    "Easy": 116,
    "Medium": 155,
    "Hard": 15,
    "All": 286
  },
  "submissions": {
    "Easy": 149,
    "Medium": 202,
    "Hard": 17,
    "All": 368
  },
  "acceptanceRate": {
    "Easy": 77.85234899328859,
    "Medium": 76.73267326732673,
    "Hard": 88.23529411764706,
    "All": 77.71739130434783
  },
  "submissionCalendar": "{\"1767916800\": 16, \"1768003200\": 4, \"1768089600\": 2, \"1768176000\": 5, \"1768262400\": 5, \"1768348800\": 6, \"1768867200\": 4, \"1768953600\": 2, \"1769040000\": 3, \"1769126400\": 4, \"1769212800\": 2, \"1769299200\": 4, \"1769385600\": 3, \"1769472000\": 2, \"1769558400\": 2, \"1769644800\": 4, \"1769731200\": 6, \"1769990400\": 4, \"1770076800\": 7, \"1770249600\": 8, \"1770422400\": 7, \"1770508800\": 4, \"1770595200\": 10, \"1770681600\": 9, \"1770768000\": 4, \"1770854400\": 2, \"1770940800\": 7, \"1771027200\": 1, \"1771113600\": 1, \"1771200000\": 2, \"1771372800\": 5, \"1771459200\": 1, \"1771545600\": 2, \"1771632000\": 3, \"1771804800\": 1, \"1771977600\": 2, \"1772064000\": 1, \"1750032000\": 4, \"1750118400\": 6, \"1750204800\": 3, \"1750291200\": 2, \"1750809600\": 16, \"1750896000\": 16, \"1750982400\": 3, \"1751155200\": 2, \"1751241600\": 5, \"1751328000\": 6, \"1751414400\": 11, \"1751500800\": 9, \"1751587200\": 4, \"1751673600\": 13, \"1751760000\": 8, \"1751846400\": 1, \"1751932800\": 2, \"1757289600\": 7, \"1757376000\": 2, \"1757462400\": 7, \"1757548800\": 3, \"1757635200\": 5, \"1757808000\": 6, \"1757980800\": 7, \"1758067200\": 3, \"1758153600\": 5, \"1758240000\": 6, \"1758499200\": 6, \"1758585600\": 3, \"1758672000\": 6, \"1758844800\": 8, \"1758931200\": 10, \"1759104000\": 7, \"1759190400\": 3, \"1759449600\": 6, \"1759622400\": 7, \"1759881600\": 5, \"1759968000\": 2, \"1760140800\": 5, \"1760313600\": 1, \"1760486400\": 1, \"1761004800\": 4, \"1761091200\": 3, \"1761177600\": 1, \"1761264000\": 3, \"1761436800\": 1, \"1761609600\": 5, \"1761782400\": 1, \"1762041600\": 3, \"1762300800\": 2, \"1762473600\": 4, \"1762732800\": 2, \"1762819200\": 7, \"1762905600\": 2, \"1762992000\": 5, \"1763078400\": 10, \"1763337600\": 11, \"1763424000\": 4, \"1763510400\": 2, \"1763596800\": 6, \"1763683200\": 4, \"1763769600\": 1, \"1763856000\": 5, \"1763942400\": 2, \"1764028800\": 7, \"1764115200\": 4, \"1764288000\": 10, \"1764374400\": 9, \"1764460800\": 1, \"1764633600\": 5, \"1764720000\": 5, \"1764892800\": 2, \"1764979200\": 3, \"1765065600\": 3, \"1765238400\": 5, \"1765324800\": 3, \"1766275200\": 1}",
  "generatedAt": "2026-02-27T07:11:24.129025Z"
}